-- phpMyAdmin SQL Dump
-- version 4.9.2
-- https://www.phpmyadmin.net/
--
-- Hôte : 127.0.0.1:3306
-- Généré le :  jeu. 09 juil. 2020 à 14:49
-- Version du serveur :  8.0.18
-- Version de PHP :  7.3.12

SET SQL_MODE = "NO_AUTO_VALUE_ON_ZERO";
SET AUTOCOMMIT = 0;
START TRANSACTION;
SET time_zone = "+00:00";


/*!40101 SET @OLD_CHARACTER_SET_CLIENT=@@CHARACTER_SET_CLIENT */;
/*!40101 SET @OLD_CHARACTER_SET_RESULTS=@@CHARACTER_SET_RESULTS */;
/*!40101 SET @OLD_COLLATION_CONNECTION=@@COLLATION_CONNECTION */;
/*!40101 SET NAMES utf8mb4 */;

--
-- Base de données :  `blog`
--

-- --------------------------------------------------------

--
-- Structure de la table `author`
--

DROP TABLE IF EXISTS `author`;
CREATE TABLE IF NOT EXISTS `author` (
  `Id` tinyint(3) UNSIGNED NOT NULL AUTO_INCREMENT,
  `FirstName` varchar(50) NOT NULL,
  `LastName` varchar(50) NOT NULL,
  PRIMARY KEY (`Id`)
) ENGINE=InnoDB AUTO_INCREMENT=4 DEFAULT CHARSET=utf8;

--
-- Déchargement des données de la table `author`
--

INSERT INTO `author` (`Id`, `FirstName`, `LastName`) VALUES
(2, 'Jack', 'EBONGUE'),
(3, 'John', 'DOE');

-- --------------------------------------------------------

--
-- Structure de la table `category`
--

DROP TABLE IF EXISTS `category`;
CREATE TABLE IF NOT EXISTS `category` (
  `Id` tinyint(3) UNSIGNED NOT NULL AUTO_INCREMENT,
  `Name` varchar(40) NOT NULL,
  PRIMARY KEY (`Id`),
  UNIQUE KEY `Name` (`Name`)
) ENGINE=InnoDB AUTO_INCREMENT=4 DEFAULT CHARSET=utf8;

--
-- Déchargement des données de la table `category`
--

INSERT INTO `category` (`Id`, `Name`) VALUES
(3, 'NATURE'),
(2, 'SPORT'),
(1, 'TOURISME');

-- --------------------------------------------------------

--
-- Structure de la table `comment`
--

DROP TABLE IF EXISTS `comment`;
CREATE TABLE IF NOT EXISTS `comment` (
  `Id` mediumint(8) UNSIGNED NOT NULL AUTO_INCREMENT,
  `NickName` varchar(30) DEFAULT NULL,
  `Contents` text NOT NULL,
  `CreationTimestamp` datetime NOT NULL,
  `Post_Id` smallint(5) UNSIGNED NOT NULL,
  PRIMARY KEY (`Id`),
  KEY `CreationTimestamp` (`CreationTimestamp`),
  KEY `Post_Id` (`Post_Id`)
) ENGINE=InnoDB DEFAULT CHARSET=utf8;

-- --------------------------------------------------------

--
-- Structure de la table `post`
--

DROP TABLE IF EXISTS `post`;
CREATE TABLE IF NOT EXISTS `post` (
  `Id` smallint(5) UNSIGNED NOT NULL AUTO_INCREMENT,
  `Title` varchar(100) NOT NULL,
  `Contents` text NOT NULL,
  `Image` varchar(255) NOT NULL,
  `CreationTimestamp` datetime NOT NULL,
  `Author_Id` tinyint(3) UNSIGNED DEFAULT NULL,
  `Category_Id` tinyint(3) UNSIGNED DEFAULT NULL,
  PRIMARY KEY (`Id`),
  UNIQUE KEY `Title` (`Title`),
  KEY `CreationTimestamp` (`CreationTimestamp`),
  KEY `Author_Id` (`Author_Id`),
  KEY `Category_Id` (`Category_Id`)
) ENGINE=InnoDB AUTO_INCREMENT=13 DEFAULT CHARSET=utf8;

--
-- Déchargement des données de la table `post`
--

INSERT INTO `post` (`Id`, `Title`, `Contents`, `Image`, `CreationTimestamp`, `Author_Id`, `Category_Id`) VALUES
(1, 'Un paradis appelé \"Los Roques\"', 'Des sables blanc, des pélicans et des îles Désertes... Bienvenue à Los Roques!\r\n\r\nAu milieu des flots bleus des Caraïbes, à 160 km de Caracas, se trouve l\'Archipel Los Roques. Ce petit coin de paradis constitue une étape immanquable pour l\'amateur de belles plages désireux de connaître le meilleur du  Venezuela. En effet, dès l\'instant où l\'avion se pose sur la piste en bord de mer, le long de la lagune, un monde de détente et de soleil s\'offre aux voyageurs : l\'exploration des 350 îles, entre lesquelles on se déplace en bateau, promet d\'être inoubliable....\r\n\r\n', 'losroques.jpg', '2020-05-25 14:30:08', NULL, 1),
(2, 'À la découverte du \"Salto Angel\", la chute d\'eau la plus haute du monde.', 'La plus haute chute d’eau du monde, le Salto Angel, impressionne par sa puissance. Niché dans une région difficilement accessible de Gran Sabana au Venezuela, au cœur du parc national de Canaima, ce grand rideau d’eau douce est un trésor protégé. ', 'saltoangel.jpg', '2020-05-25 15:26:46', NULL, 1),
(3, 'Brownies', 'Ingredients:\r\n  -250 g de chocolat pâtissier\r\n  -1 sachet de sucre vanillé\r\n  -150 g de beurre\r\n  -3 oeufs\r\n  -150 g de sucre\r\n  -60 g de farine\r\n  -Sel\r\nPréparation:\r\nFaites fondre le chocolat cassé en morceaux avec le beurre.\r\nPendant ce temps, battez les oeufs avec le sucre jusqu\'à ce que le mélange blanchisse.\r\nAjoutez la farine, le sucre vanillé, et ajoutez le chocolat.\r\nVersez le tout dans un moule, et enfournez à 180°C pendant 15 min...\r\nEt voilà !', 'brownie.jpg', '2020-05-26 14:38:11', NULL, 3),
(4, 'ATHLTISME', 'Usain Bolt /ˈjuːseɪn ˈbəʊlt/, né le 21 août 1986 dans la paroisse de Trelawny, est un athlète jamaïcain, spécialiste des épreuves de sprint.\r\n\r\nAthlète le plus titré de l\'histoire des Jeux olympiques en sprint avec huit médailles d\'or, il est également le plus titré de l\'histoire des championnats du monde avec onze victoires. Il est le premier athlète à détenir simultanément les records du monde du 100 m, 200 m et 4 × 100 m, le seul athlète à avoir conservé deux titres individuels en sprint sur trois olympiades consécutives, et le seul à avoir battu trois records du monde lors d\'une même olympiade. Des Jeux olympiques de 2008 aux Jeux olympiques de 2016, Usain Bolt a gagné dix-neuf titres olympiques et mondiaux sur vingt-et-une épreuves disputées. Il est généralement considéré comme le plus grand sprinter de tous les temps.\r\n\r\nSes records du 100 m (9 s 58) et du 200 m (19 s 19) datent des championnats du monde de Berlin en 2009 alors que celui du relais 4 × 100 m (36 s 84) est battu lors des Jeux olympiques de Londres en 2012. Aux Jeux olympiques de Pékin, Bolt avait établi les deux précédents records du monde du 100 m (9 s 69) et du 200 m (19 s 30), tous deux améliorés de onze centièmes de seconde à Berlin, un écart exceptionnel.\r\n\r\nÀ Pékin en 2008, il devient le premier athlète masculin à gagner ces trois épreuves au cours des mêmes Jeux olympiques, et ce depuis Carl Lewis en 1984 (il perdra son titre olympique du relais ultérieurement) et répète cet exploit lors de ceux de Londres en 2012 et de Rio en 2016. Il est ainsi le premier athlète à remporter trois titres olympiques consécutifs sur le 100 m, le 200 m, et dans un premier temps le 4 × 100 m. Son nom et ses performances en sprint lui ont valu le surnom de « Lightning Bolt » (« l\'Éclair », ou « la Foudre »)2. C\'est le premier sprinter à améliorer trois fois de suite le record du monde du 100 m et à obtenir la plus nette amélioration du record depuis le passage au chronométrage électronique, en 1968Note 1. La Fédération internationale d\'athlétisme le désigne six fois athlète de l\'année, en 2008, 2009, 2011, 2012, 2013 et 2016, plus que tout autre athlète.\r\n\r\nUsain Bolt prend sa retraite sportive à l\'issue des Championnats du monde 2017 à Londres, où il s\'adjuge la médaille de bronze sur 100 m derrière Justin Gatlin et Christian Coleman, son quatorzième podium mondial, et se blesse en finale du relais 4 × 100 m, le 12 août 2017, pour la dernière course de sa carrière. Il tente ensuite une reconversion dans le football, notamment en Australie, où il ne connaît pas la réussite.', 'Usain Bolt.jpg', '2020-05-26 23:38:52', NULL, 2),
(5, 'LE GRAND CANYON', 'Le Grand Canyon ou Grand Cañon1, en anglais Grand Canyon, en hopi Ongtupqa, en yavapai Wi:kaʼi:la, est un canyon des États-Unis situé dans le Nord-Ouest de l\'Arizona. La gorge a été creusée par le fleuve Colorado dans le plateau du même nom. Fondé en 1919, le parc national du Grand Canyon couvre un territoire protégé de 4 927 km2N 1. Il est fréquenté chaque année par plus de quatre millions et demi de visiteurs. La diversité et la singularité naturelle et paysagère du site l\'ont fait reconnaître patrimoine mondial de l’Humanité par l’UNESCO en 1979.\r\nLe Grand Canyon est situé dans le sud-ouest des États-Unis, dans le nord de l\'État de l\'Arizona.\r\n\r\nLes dimensions du Grand Canyon sont gigantesques, d\'où son nom (en anglais, grand ne signifie pas grand, mais à la fois immense, imposant, grandiose et superbe). Il s\'étend sur environ 450 km de long2 entre le lac Powell et le lac Mead, dont 350 km sont situés dans le parc national. Sa profondeur moyenne est de 1 300 mètres, avec un maximum de plus de 1 600 mètres3. Sa largeur varie de 5,5 km à 30 km4,2.\r\n\r\nLe Grand Canyon n\'est ni le plus profond, ni le plus imposant des canyons terrestres : le canyon de Colca (3 400 m de profondeur) et le canyon de Cotahuasi (3 550 mètres de profondeur) au Pérou, le canyon du Yarlung Tsangpo en Chine, le Barranca del Cobre au nord du Mexique et le Hells Canyon dans l\'Idaho sont des gorges plus profondes. Le site est cependant remarquable pour les points de vue offerts aux visiteurs et pour les couches géologiques qui apparaissent sur les versants du canyon, bien connus des géologues. Les strates racontent l\'histoire du continent nord-américain. D\'autre part, l\'endroit est le résultat spectaculaire du travail de l\'érosion, notamment celle du fleuve Colorado qui coule en contrebas.\r\nIl est possible de remonter jusqu\'à environ 1,7 milliard d\'années pour décrire l\'histoire du Grand Canyon8. À la fin du Précambrien (ère protérozoïque), les roches sédimentaires qui s\'étaient lentement formées ici ont été métamorphisées sous l\'action des fortes pressions et des températures élevées du magma. Il y a environ 1,2 milliard d\'années8, à la fin du protérozoïque, 4 000 mètres de sédiments et de lave s\'accumulèrent dans une mer peu profonde. Vers 725 millions d\'années8, ces roches furent soulevées et déformées pour devenir une chaîne de montagne. Un long processus d\'érosion succéda à cette période. Puis la région fut à nouveau envahie par la mer à plusieurs reprises entre 550 et 250 millions d\'années, donnant lieu à la formation de nouvelles strates de grès, de calcaire et de shale (groupes de Tonto et de Supai). Entre 80 et 35 millions d\'années, l\'orogenèse laramienne entraine la formation des Montagnes Rocheuses, situées plus à l\'ouest et des déformations dans la région de l\'actuel Grand Canyon. Une intense activité volcanique commença il y a 6 millions d\'années8, provoquant d\'importantes coulées de lave.\r\n\r\nUne première hypothèse était que le Grand Canyon lui-même s\'est formé à partir de la fin du cénozoïque grâce à l\'action érosive du Colorado, renforcée par l\'ouverture du golfe de Californie en aval. De nouvelles éruptions ont produit des coulées de lave qui ont formé plusieurs bouchons dans la gorge et formé des lacs d\'une profondeur allant jusqu\'à 600 mètres.\r\n\r\nSelon des données minéralogiques plus récentes, il pourrait être plus vieux de 17 millions d\'années, soit 11 millions d\'années de plus que ce que l\'on pensait (estimation début 2008 par le California Institute of Technology). Puis l\'Université du Colorado a estimé qu\'il existait il y a 55 millions d\'années et qu\'il aurait pu commencer à se creuser il y a 65 millions d\'années, à la fin de l\'ère des dinosaures.', 'Grand Canyon.jpg', '2020-07-09 14:48:57', 2, 1),
(6, 'ALTHETISME', 'Usain Bolt /ˈjuːseɪn ˈbəʊlt/, né le 21 août 1986 dans la paroisse de Trelawny, est un athlète jamaïcain, spécialiste des épreuves de sprint.\r\n\r\nAthlète le plus titré de l\'histoire des Jeux olympiques en sprint avec huit médailles d\'or, il est également le plus titré de l\'histoire des championnats du monde avec onze victoires. Il est le premier athlète à détenir simultanément les records du monde du 100 m, 200 m et 4 × 100 m, le seul athlète à avoir conservé deux titres individuels en sprint sur trois olympiades consécutives, et le seul à avoir battu trois records du monde lors d\'une même olympiade. Des Jeux olympiques de 2008 aux Jeux olympiques de 2016, Usain Bolt a gagné dix-neuf titres olympiques et mondiaux sur vingt-et-une épreuves disputées. Il est généralement considéré comme le plus grand sprinter de tous les temps.\r\n\r\nSes records du 100 m (9 s 58) et du 200 m (19 s 19) datent des championnats du monde de Berlin en 2009 alors que celui du relais 4 × 100 m (36 s 84) est battu lors des Jeux olympiques de Londres en 2012. Aux Jeux olympiques de Pékin, Bolt avait établi les deux précédents records du monde du 100 m (9 s 69) et du 200 m (19 s 30), tous deux améliorés de onze centièmes de seconde à Berlin, un écart exceptionnel.\r\n\r\nÀ Pékin en 2008, il devient le premier athlète masculin à gagner ces trois épreuves au cours des mêmes Jeux olympiques, et ce depuis Carl Lewis en 1984 (il perdra son titre olympique du relais ultérieurement) et répète cet exploit lors de ceux de Londres en 2012 et de Rio en 2016. Il est ainsi le premier athlète à remporter trois titres olympiques consécutifs sur le 100 m, le 200 m, et dans un premier temps le 4 × 100 m. Son nom et ses performances en sprint lui ont valu le surnom de « Lightning Bolt » (« l\'Éclair », ou « la Foudre »)2. C\'est le premier sprinter à améliorer trois fois de suite le record du monde du 100 m et à obtenir la plus nette amélioration du record depuis le passage au chronométrage électronique, en 1968Note 1. La Fédération internationale d\'athlétisme le désigne six fois athlète de l\'année, en 2008, 2009, 2011, 2012, 2013 et 2016, plus que tout autre athlète.\r\n\r\nUsain Bolt prend sa retraite sportive à l\'issue des Championnats du monde 2017 à Londres, où il s\'adjuge la médaille de bronze sur 100 m derrière Justin Gatlin et Christian Coleman, son quatorzième podium mondial, et se blesse en finale du relais 4 × 100 m, le 12 août 2017, pour la dernière course de sa carrière. Il tente ensuite une reconversion dans le football, notamment en Australie, où il ne connaît pas la réussite.\r\nUsain Bolt est né le 21 août 1986 à Sherwood Content4, un lieu-dit situé dans la paroisse de Trelawny, en Jamaïque. Il y passe son enfance avec ses parents, Jennifer et Wellesley Bolt, gérants de l\'épicerie locale, son frère Sadiki et sa sœur Sherine5. Il commence à pratiquer l\'athlétisme à l\'école primaire alors qu\'il s\'intéresse plutôt au cricket et au football. À douze ans, il concourt pour la paroisse de Trelawny lors de la rencontre annuelle nationale des écoles primaires. Voyant en lui un prodige des pistes, son entraîneur de cricket le convainc de poursuivre l\'athlétisme. La même année, il entre alors au lycée William Knibb où il est pris en main par Pablo McNeil, ancien spécialiste jamaïcain du 100 mètres, et par Dwayne Barrett qui l\'encouragent à améliorer ses capacités athlétiques6. Cette école a une histoire remplie de très bons résultats en athlétisme notamment par l\'intermédiaire de Michael Green, un ancien étudiant.\r\nC\'est lors de sa troisième année au lycée en 2001 qu\'il remporte sa première médaille en terminant deuxième des championnats nationaux lycéens sur 200 m en 22 s 04. Il n\'a alors que 14 ans. Peu après, les spectateurs de la Barbade, pays hôte des Jeux de la CARIFTA — les championnats régionaux juniors de la Caraïbe — le voient remporter deux médailles d\'argent, une sur 400 m en établissant un nouveau record personnel avec 48 s 28 et une autre sur le 200 m (21 s 81). C\'est la première fois qu\'il représente la Jamaïque : « Pour [lui], un gars de la campagne qui n\'avait jamais été loin de la maison, ce voyage a représenté une émotion unique. »7 Plus tard dans l\'année, il participe aux Championnats du monde d\'athlétisme de la jeunesse sur 200 m, à Debrecen en Hongrie. Cependant, il ne passe pas le cap des demi-finales bien qu\'il ait abaissé son record personnel à 21 s 732. Sur les conseils de Percival James Patterson, ancien premier ministre de Jamaïque, Bolt intègre le giron fédéral de la Fédération jamaïcaine d\'athlétisme (JAAA) et s\'entraîne désormais à l\'université des Indes occidentales à Kingston8.\r\n\r\nEn début de saison 2002, Usain Bolt remporte les titres du 200 m (en 21 s 12) et du 400 m (en 47 s 33) des Jeux de la CARIFTA de Nassau, puis récidive en juillet lors des Championnats juniors d\'Amérique centrale et des Caraïbes de Bridgetown où il descend pour la première fois de sa carrière sous les 21 s sur 200 m (20 s 61). Aux Championnats du monde junior disputés sur ses terres jamaïcaines9, il devient à 15 ans et 332 jours, le plus jeune champion du monde junior de l\'histoire du 200 mètres dans un temps de 20 s 6110. Aligné également dans les deux épreuves de relais (4 × 100 m et 4 × 400 m), il remporte avec ses coéquipiers deux médailles d\'argent assorties de deux nouveaux records nationaux juniors11.\r\n\r\nEn avril 2003, âgé alors de 16 ans, il réalise 20 s 25 sur 200 m et 45 s 35 sur 400 m lors des championnats scolaires jamaïcains de Kingston, puis remporte peu après ces deux épreuves lors des Jeux de la CARIFTA. Participant au mois de juillet aux Championnats du monde de la jeunesse de Sherbrooke, il remporte le 200 m avec le temps de 20 s 40 en dépit d\'un vent de face de 1,1 m/s, reléguant le deuxième de la course à plus de six dixièmes de seconde12. Une semaine plus tard, il s\'impose en finale des Championnats panaméricains juniors de Bridgetown en établissant en 20 s 13 une nouvelle meilleure performance mondiale jeunesse (un équivalent record du monde cadet). Cette performance suscite un intérêt de la presse mondiale qui voit en lui un possible successeur de Michael Johnson, l\'Américain n\'ayant réussi à atteindre les performances du Jamaïcain qu\'à l\'âge de vingt ans. Pour la seconde année consécutive, Bolt est désigné par l\'IAAF « étoile montante masculine » dans le cadre de la remise du trophée de l\'athlète de l\'année.\r\n\r\nLe Jamaïcain passe professionnel en 2004. Entraîné désormais par Fitz Coleman (en), il remporte en avril le 200 mètres des Jeux de la CARIFTA à Hamilton (Bermudes), établissant en 19 s 93 un nouveau record du monde junior3. Il bat ainsi la précédente marque de l\'Américain Lorenzo Daniel de 20 s 07. Il devient également le premier et le seul junior à avoir couru le 200 m en moins de 20 s. En mai, une blessure à la cuisse empêche Bolt de participer aux Championnats du monde junior de Grosseto, compétition qu\'il a remportée deux ans auparavant13. Sélectionné à dix-sept ans pour ses premiers Jeux olympiques, à Athènes, il ressent de nouvelles douleurs à la cuisse et est éliminé dès le premier tour du 200 m avec le temps de 21 s 0514. Il refuse plusieurs offres de bourses d\'universités américaines, préférant continuer à s\'entraîner à l\'Université de technologie de la Jamaïque à Kingston.', 'Usain Bolt.jpg', '2020-07-09 14:55:14', 2, 2),
(7, 'RELIEF SOUS MARIN', 'Les fonds marins ou plancher océanique (ou lithosphère océanique pour les géologues qui étudient la tectonique des plaques) désignent au sens large tous les fonds immergés des mers du globe terrestre.\r\n\r\n\r\nTypologie des fonds marins\r\nIls constituent plus des 3/4 des fonds océaniques et sont habituellement subdivisés en :\r\n\r\nplateau continental ;\r\ntalus continental ;\r\ngrands-fonds ou plaine abyssale (en général entre 5 000 et 6 000 m) comprenant les dorsales océaniques, dont les monts sous-marins, et les fosses océaniques.\r\nDu point de vue géoclimatique, ces fonds jouent un rôle majeur de puits de carbone, mais contiennent aussi d\'énormes quantité d\'hydrates de méthane susceptibles de fortement accélérer le réchauffement climatique s\'ils venaient à fondre.\r\n\r\nOn a posé sur les fonds marins une grande quantité de câbles et fibres optiques qui peuvent interférer avec les actions de pêche au chalut. Ils ont aussi localement servi de décharge durant plusieurs décennies, dont de déchets chimiques (radioactifs notamment comme dans la fosse des casquets entre France et Angleterre) et militaires (munitions immergées). On y trouve par ailleurs de nombreuses épaves de navires (et plus récemment d\'avions ou d\'autres matériels militaires jetés ou perdus en mer) ; ces épaves sont restées longtemps inaccessibles, mais en 1987, le Nautile a pu atteindre, à 3 850 m de profondeur, le Titanic qui avait coulé avec une partie de ses passagers le 14 avril 1912, à 725 km de Terre-Neuve\r\nDans le droit de la mer et le droit international public, différents textes et conventions internationales différencient :\r\n\r\nla base du talus continental là où il est profond (2500 à 5 000 m) ;\r\nla plaine abyssale où l\'on trouve les dorsales océaniques ;\r\nles fosses océaniques.\r\nFace aux risques de conflits pour l\'exploitation de ces fonds, déjà souvent surexploités par la pêche (surpêche) et avec le souci initial l\'ONU a déclaré les fonds marins patrimoine mondial de l\'humanité. Les litiges doivent être réglés par un tribunal international du droit de la mer, basé à Hambourg.\r\n\r\nIl existe hors des zones économiques exclusives (ZEE) une zone internationale des fonds marins (souvent dénommée la « Zone ») considérée comme bien commun de l\'humanité.\r\n\r\nLa Convention de Montego Bay consacre le principe issu de la résolution 2749 (XXV) de l’Assemblée générale : la Zone échappe à toute appropriation ; « Bien commun », elle doit être uniquement utilisée « à des fins exclusivement pacifiques » et exploitée « dans l’intérêt de l’humanité tout entière ». Une convention, tout en invitant à y créer des aires marines protégées instaure cependant un régime d’appropriation collective à travers une Autorité internationale des fonds marins (officialisée en 1994) qui agit théoriquement pour le compte de l’humanité tout entière. L\'autorité en question pourrait elle-même tirer un revenu (taxes) de cette exploitation, y compris par l’intermédiaire d’un organe spécifique, l’Entreprise (non encore mis en œuvre à cause d\'un désaccord sur ses missions et sur l\'usage à faire de ces revenus).', 'reliefFondmarin.jpg', '2020-07-09 15:00:38', 2, 3),
(8, 'AMAZONIE', 'La forêt amazonienne (en portugais floresta amazônica ; en espagnol selva amazónica ; en anglais Amazon rainforest), également connue sous le nom d\'« Amazonie » ou « jungle amazonienne », est une forêt équatoriale d\'Amérique du Sud couvrant la totalité du bassin versant du fleuve Amazone ainsi que des zones périphériques comme le plateau des Guyanes. Elle s\'étend sur 9 Pays, principalement au Brésil (63%).\r\n\r\nAvec près de 390 milliards d\'arbres (16 000 espèces ; 13% des arbres de la planète ; près de 60 fois plus d\'arbres « adultes » dans la forêt amazonienne que d\'êtres humains sur l\'ensemble de la planète)2, c\'est l\'une des trois plus importantes forêts primaires du monde3. Elle est souvent qualifiée de « poumon de la terre » bien qu\'en réalité les océans produisent bien plus d\'oxygène4 ; elle produirait entre 20% 5 et plus probablement 6% de l\'oxygène6.\r\n\r\nC\'est le plus grand réservoir de biodiversité au monde, menacé par le réchauffement7, l\'orpaillage et la déforestation (depuis 1970, environ 18 % de la forêt originelle a disparu). Elle abrite trois grandes aires protégées : le complexe de conservation de l\'Amazonie centrale8 au Brésil, le parc national de Manú9 au Pérou et le parc national Noel Kempff Mercado10 en Bolivie ; inscrites sur la liste du patrimoine mondial par l\'organisation des Nations unies pour l\'éducation, la science et la culture (UNESCO). Le Parc Amazonien de Guyane, en Guyane française, est le plus grand parc national français mais aussi le plus grand parc de l\'Union Européenne11. Couvrant près de 34 000 km², il constitue, avec le Parc National des montagnes du Tumucumaque qui lui est adjacent, l\'un des plus grands espaces naturels protégés au monde\r\nLa forêt vierge s\'est formée durant l\'époque Éocène par suite de la baisse globale des températures tropicales lorsque l\'océan Atlantique s\'est suffisamment élargi pour fournir un climat chaud et humide au bassin amazonien. La forêt tropicale existe depuis au moins 55 millions d\'années. Auparavant, le biotope de la région était de type savane. Elle couvre 5,5 millions de km2 sur les 7,3 millions de km2 du bassin amazonien, en Amérique du Sud. Après l\'extinction Crétacé-Tertiaire à la fin du Crétacé, il y a 65 millions d\'années, la disparition des dinosaures et le climat plus humide ont permis son développement.\r\n\r\nDurant l\'Oligocène, la forêt couvrait une bande relativement étroite, en majeure partie au-dessus du 15° parallèle nord. Elle s\'est élargie au cours du Miocène moyen, et s\'est rétractée à nouveau lors de la dernière ère glaciaire14 pour regagner du terrain depuis 10 000 ans environ, permettant la survie et l\'évolution d\'une grande diversité d\'espèces\r\nSelon la WWF15, l\'Amazonie comprend 50 à 70 % de la biodiversité mondiale16. Les scientifiques proposent un chiffre plus modeste et évaluent cette biodiversité à 9,5 %17,18. La région abriterait environ 30 % des espèces d\'insectes qui se concentrent essentiellement dans la canopée19 et au moins 14 000 espèces de plantes[Ce passage est contradictoire]20, 2 200 poissons21, 1 294 oiseaux, 427 mammifères, 428 amphibiens et 378 reptiles ont été scientifiquement classés dans la région22. Les scientifiques ont décrit entre 96 660 et 128 843 espèces d\'invertébrés uniquement au Brésil18. Une espèce d\'oiseau sur cinq dans le monde vit dans la forêt amazonienne, et une espèce de poisson sur cinq vit dans ses rivières.\r\n\r\n\r\nLiane.\r\nEn 2013, la forêt Amazonienne est composée d\'environ 390 milliards d\'arbres et d\'environ 16 000 espèces[Ce passage est contradictoire]23. L\'inventaire de la forêt a été effectué par une équipe internationale de scientifiques dans une étude publiée le 18 octobre 2013. En raison de la taille immense de la forêt, ce résultat a nécessité la mise en commun du travail de plus d\'une centaine de chercheurs du monde entier, dont six Français, rassemblés dans le réseau ATDN (Amazon Tree Diversity Network)24.\r\n\r\nLa diversité d\'espèces de plantes est la plus importante sur Terre. Certains experts estiment qu\'un kilomètre carré pourrait contenir plus de 75 000 types d\'arbres et 150 000 espèces de plantes supérieures[Ce passage est contradictoire]. Un kilomètre carré de forêt amazonienne peut contenir 90 790 t de plantes vivantes25. Actuellement, environ 438 000 espèces de plantes ayant un intérêt économique et social ont été répertoriées dans la région, et beaucoup plus restent à découvrir ou à classifier', 'Amazonie.jpg', '2020-07-09 15:04:18', 2, 3),
(9, 'SYTEME SOLAIRE', 'Le Système solaire (avec majuscule), ou système solaire (sans majuscule)b, est le système planétaire auquel appartient la Terre. Il est composé d\'une étoile, le Soleil, et des objets célestes gravitant autour de lui : les huit planètes confirmées et leurs 185 satellites naturels connus (appelés usuellement des « lunes »), les cinq planètes naines et leurs neuf satellites naturels connus et les milliards de petits corps (la grande majorité des astéroïdes et autres planètes mineures, les comètes, les poussières interplanétaires, etc.). Le système solaire fait partie de la galaxie appelée Voie lactée. Il est situé à environ 8 kpc (∼26 100 a.l.) du centre galactique et effectue une révolution en 225 à 250 millions d\'années.\r\n\r\nDe façon schématique, le Système solaire est composé, outre le Soleil lui-même et par ordre de distance croissante à celui-ci, de quatre planètes telluriques internes (Mercure, Vénus, la Terre et Mars), d\'une ceinture d\'astéroïdes composée de petits corps rocheux, de quatre planètes géantes externes (deux géantes gazeuses que sont Jupiter et Saturne, et deux planètes géantes de glaces que sont Uranus et Neptune) et de la ceinture de Kuiper, composée elle-même d’objets glacés. L\'héliopause, limite magnétique du Système solaire, est définie par l\'arrêt des vents solaires face au vent galactique. Bien au-delà se trouve le nuage d\'Oort, sphère d’objets épars. La limite gravitationnelle du Système solaire se situe bien plus loin encore, jusqu\'à 1 ou 2 années-lumière du Soleil.\r\n\r\nToutes les planètes du Système solaire à partir de la Terre possèdent des satellites en orbite, tandis que chacune des quatre planètes externes est en outre entourée d’un système d\'anneaux de poussière et d’autres particules. Toutes les planètes, sauf la Terre, ont été nommées d\'après des dieux et déesses de la mythologie romaine.\r\n\r\nLes cinq planètes naines, portant des noms de divinités diverses, sont Cérès, le premier et plus grand objet découvert dans la ceinture d’astéroïdes (975 km de diamètre équatorial), Pluton, le plus ancien et le plus grand objet connu de la ceinture de Kuiper (2 370 km), Éris, au diamètre très légèrement inférieur (2 326 km), qui se trouve dans le disque des objets épars, enfin Makémaké (environ 1 430 km) et Hauméa (1 960 km), objets de la ceinture de Kuiper. Les quatre planètes naines transneptuniennes, c\'est-à-dire orbitant au-delà de Neptune, sont de type « plutoïdes »\r\nLe principal corps céleste du Système solaire est le Soleil, une étoile naine jaune de la séquence principale de type G2 qui contient 99,86 % de toute la masse connue du Système solaire et le domine gravitationnellement14. Jupiter et Saturne, les deux objets les plus massifs orbitant autour du Soleil, regroupent à eux deux plus de 90 % de la masse restante.\r\n\r\nLa plupart des grands objets en orbite autour du Soleil le sont dans un plan proche de celui de l’orbite terrestre, nommé écliptique. Typiquement, le plan d’orbite des planètes est très proche de celui de l’écliptique tandis que les comètes et les objets de la ceinture de Kuiper ont pour la plupart une orbite qui forme un angle significativement plus grand par rapport à lui.\r\n\r\nToutes les planètes et la plupart des autres objets orbitent dans le même sens que la rotation du Soleil, c’est-à-dire dans le sens inverse des aiguilles d’une montre du point de vue d’un observateur situé au-dessus du pôle nord solaire. Certains objets orbitent dans un sens rétrograde, comme la comète de Halley.\r\n\r\nLes trajectoires des objets gravitant autour du Soleil suivent les lois de Kepler. Ce sont approximativement des ellipses dont l\'un des foyers est le Soleil. Les orbites des planètes sont quasiment circulaires. Celles des corps plus petits présentent des excentricités diverses et peuvent être fortement elliptiques. C\'est notamment le cas des comètes et de certains autres petits corps, de certaines planètes naines et plus généralement des objets transneptuniens y compris ceux de la ceinture de Kuiper et du nuage d\'Oort.\r\n\r\nLa distance d\'un corps au Soleil varie au cours de sa rotation autour du Soleil. On appelle le point le plus proche du Soleil de l\'orbite d\'un corps son périhélie, le plus éloigné étant son aphélie.\r\n\r\nDe façon informelle, le Système solaire est souvent divisé en zones distinctes. Le Système solaire interne inclut les quatre planètes telluriques et la ceinture d’astéroïdes. Le reste du système peut être considéré simplement comme Système solaire externe15 ; d’autres séparent la région au-delà de Neptune des quatre géantes gazeuses16.\r\n\r\nLa majorité des planètes du Système solaire possèdent leur propre système secondaire. Les corps planétaires en rotation autour d\'une planète sont appelés satellites naturels ou lunes. La plupart des plus grands satellites naturels évoluent sur une orbite synchrone, présentant toujours la même face à la planète autour de laquelle ils gravitent. Les quatre plus grandes planètes ont également un anneau planétaire.\r\n\r\nLe Soleil, au sein de notre galaxie, est une étoile de type naine jaune parmi tant d\'autres : la Voie lactée contient entre 200 et 400 milliards d\'étoiles, dont 20 à 40 milliards seraient des naines jaunes17. Comme toute étoile selon les lois de la physique actuelle, sa masse permet à la densité en son cœur d’être suffisamment élevée pour provoquer des réactions de fusion thermonucléaire en continu. Chaque seconde le cœur du Soleil fusionne 620 millions de tonnes d\'hydrogène18 en 615,7 millions de tonnes d\'hélium. Cette masse que le Soleil perd vient simplement du fait qu\'un noyau d\'hélium produit a une masse inférieure à celle des quatre noyaux d\'hydrogène ayant servi à le fabriquer. La puissance rayonnée par le Soleil dans l\'espace sous forme d\'ondes électromagnétiques, environ 4 × 1026 watts, n\'est autre que celle qui correspond à ce différentiel de 4,3 millions de tonnes par seconde19.\r\n\r\nLe Soleil est une naine jaune modérément grande, mais le nom est trompeur, puisque le Soleil est plus massif et plus lumineux que la majorité des étoiles de la Voie lactée (la plupart des étoiles de la Voie lactée étant des naines rouges, plus petites). Il se situe vers le milieu de la séquence principale du diagramme de Hertzsprung-Russell ; cependant, les étoiles plus brillantes et plus chaudes que le Soleil sont rares, tandis que les étoiles moins lumineuses et plus froides sont courantes20.\r\n\r\n\r\nLe diagramme de Hertzsprung-Russell ; la séquence principale va du bas à droite au haut à gauche.\r\nOn pense que la position du Soleil sur la séquence principale indique qu’il est loin d’avoir épuisé ses réserves d’hydrogène pour la fusion nucléaire. À ce jour, les calculs établissent qu\'il a dispersé sous forme d\'énergie 3 millièmes de sa masse initiale19, soit l\'équivalent de 3 fois la masse de Jupiter. Il devient progressivement plus brillant : au début de son histoire, sa luminosité était inférieure d\'un bon tiers de celle d’aujourd’hui21.\r\n\r\nLe calcul du rapport entre l’hydrogène et l’hélium à l’intérieur du Soleil suggère qu’il est environ à mi-chemin de son cycle de vie. Dans plus de cinq milliards d’années, il quittera la séquence principale et deviendra plus grand, plus brillant, plus froid et plus rouge : une géante rouge22,23. À ce moment, sa luminosité sera près de 2000 fois celle d’aujourd’hui.\r\n\r\nLe Soleil est une étoile de population I ; il est né après une ou plusieurs « générations » d\'étoiles. Il contient plus d’éléments plus lourds que l’hydrogène et l’hélium (des « métaux » dans le langage astronomique) que les étoiles de population II24. Ces éléments métalliques ont été formés dans l’explosion des noyaux d’étoiles les plus massives, les supernovas. Les étoiles anciennes contiennent peu de métaux tandis que les étoiles ultérieures en contiennent ainsi plus. On pense que cette haute métallicité a été indispensable au développement du système planétaire, car les planètes se forment par accrétion de « métaux »', 'Systeme Solaire.jpg', '2020-07-09 15:16:37', 2, 3),
(10, 'OLYMPIQUE DE MARSEILLE', 'L\'Olympique de Marseille (OM) est un club de football français fondé en août 1899 à Marseille par René Dufaure de Montmirail.\r\n\r\nLe club marseillais joue au stade de l\'Huveaune de 1904 à 1937, date à laquelle est inauguré le stade Vélodrome. Auparavant, le club remporte sa première Coupe de France en 1924 et devient le tout premier club provincial à s\'adjuger ce titre. L\'OM est l\'un des clubs qui a joué durant la saison inaugurale 1932-1933 et qui évolue encore en Ligue 1 aujourd\'hui. Après un premier titre de champion de France en 1929, dans une compétition aujourd\'hui disparue, le club phocéen remporte son premier Championnat professionnel en 1937, avant de descendre pour la première fois en seconde division en 1959. Une série de montées et descentes s\'effectue dans les années 1960 et la décennie suivante est marquée par le premier doublé Coupe-Championnat de l\'histoire du club en 1972. Après une période noire au début des années 1980 où l\'OM est proche de la faillite, l\'arrivée de Bernard Tapie introduit la période la plus faste du club, avec quatre titres de champion consécutifs, une Coupe de France et la Ligue des champions 1992-1993, première de l\'histoire du football européen sous cette appellation, qui reste la première et la seule C1 remportée par un club français. L\'affaire VA-OM et ses conséquences économiques plongent le club en deuxième division. À la suite de sa remontée en 1996, le club se confronte à nouveau à la justice avec l\'affaire des comptes de l\'OM et n\'arrive plus à gagner de titre majeur, malgré notamment deux finales de Coupe UEFA (1999 et 2004). Cette période blanche prend fin avec le titre de champion de France en 2010 et trois victoires consécutives en Coupe de la Ligue en 2010, 2011 et 2012.\r\n\r\nLe club est présidé par Jacques-Henri Eyraud depuis le 17 octobre 2016, l\'actionnaire majoritaire étant l\'Américain Frank McCourt. L\'équipe première, entraînée par André Villas-Boas depuis le 28 mai 2019, évolue lors de la saison 2019-2020 en Ligue 1 pour la soixante-dixième fois de son histoire, ce qui constitue un record pour un club français.\r\n\r\nL\'Olympique de Marseille (OM) est un club de football français fondé en août 1899 à Marseille par René Dufaure de Montmirail.\r\n\r\nLe club marseillais joue au stade de l\'Huveaune de 1904 à 1937, date à laquelle est inauguré le stade Vélodrome. Auparavant, le club remporte sa première Coupe de France en 1924 et devient le tout premier club provincial à s\'adjuger ce titre. L\'OM est l\'un des clubs qui a joué durant la saison inaugurale 1932-1933 et qui évolue encore en Ligue 1 aujourd\'hui. Après un premier titre de champion de France en 1929, dans une compétition aujourd\'hui disparue, le club phocéen remporte son premier Championnat professionnel en 1937, avant de descendre pour la première fois en seconde division en 1959. Une série de montées et descentes s\'effectue dans les années 1960 et la décennie suivante est marquée par le premier doublé Coupe-Championnat de l\'histoire du club en 1972. Après une période noire au début des années 1980 où l\'OM est proche de la faillite, l\'arrivée de Bernard Tapie introduit la période la plus faste du club, avec quatre titres de champion consécutifs, une Coupe de France et la Ligue des champions 1992-1993, première de l\'histoire du football européen sous cette appellation, qui reste la première et la seule C1 remportée par un club français. L\'affaire VA-OM et ses conséquences économiques plongent le club en deuxième division. À la suite de sa remontée en 1996, le club se confronte à nouveau à la justice avec l\'affaire des comptes de l\'OM et n\'arrive plus à gagner de titre majeur, malgré notamment deux finales de Coupe UEFA (1999 et 2004). Cette période blanche prend fin avec le titre de champion de France en 2010 et trois victoires consécutives en Coupe de la Ligue en 2010, 2011 et 2012.\r\n\r\nLe club est présidé par Jacques-Henri Eyraud depuis le 17 octobre 2016, l\'actionnaire majoritaire étant l\'Américain Frank McCourt. L\'équipe première, entraînée par André Villas-Boas depuis le 28 mai 2019, évolue lors de la saison 2019-2020 en Ligue 1 pour la soixante-dixième fois de son histoire, ce qui constitue un record pour un club français.', 'OM.jpg', '2020-07-09 15:20:44', 2, 2),
(11, 'ILE SALOMON', 'Les Îles Salomon (en anglais : Solomon Islands) parfois simplement appelées les Salomon, sont un État situé à l\'est-sud-est de la Papouasie-Nouvelle-Guinée. Les archipels qui composent ce pays se trouvent essentiellement en mer des Salomon et en mer de Corail. Les Salomon sont une monarchie membre du Commonwealth. Ils sont constitués d’une douzaine d’îles principales et de près d\'un millier d\'îles plus petites situées à cheval sur deux archipels : les îles Salomon pour la majorité du pays et les îles Santa Cruz pour la province de Temotu\r\nArchipel de l’Océanie proche (c’est-à-dire des îles qui, pour la plupart, sont intervisibles, ce qui facilite la navigation entre elles), il est peuplé dès la première phase d’expansion de la culture océanienne Lapita, par des populations qualifiées sans doute à tort de mélanésiennes par Jules Dumont d\'Urville dès 1831 parce qu’elles sont d\'étroites parentes de toutes les populations austronésiennes voisines, et dont rien, du point de vue linguistique et culturel, ne les distingue. Plus proches du foyer initial (situé dans les îles de l\'Amirauté), elles sont sans doute parmi les plus fragmentées, surtout du point de vue linguistique. En revanche, aucune parenté étroite n’existe avec les Papous.\r\n\r\nLe Royaume-Uni établit un protectorat sur les îles Salomon dans les années 1890, dans le cadre de la Commission du Pacifique occidental, et face à l\'expansion coloniale allemande dans cette région notamment en Nouvelle-Guinée et aux Samoa.\r\n\r\nDe très durs combats ont lieu dans ces îles entre les États-Unis et le Japon durant la Seconde Guerre mondiale. L’autonomie est accordée le 2 janvier 1976 et l’indépendance est proclamée le 7 juillet 1978. Peter Kenilorea devient le premier dirigeant du pays. Les problèmes actuels qui remettent en cause la viabilité de cet archipel sont, entre autres : le déficit budgétaire, le déboisement et le paludisme.\r\n\r\nLe mécontentement continu de la population mène à un arrêt presque complet de l\'activité normale ; les fonctionnaires restent impayés pendant des mois et les réunions du cabinet doivent être tenues dans le secret pour empêcher des seigneurs de guerre locaux de s’y mêler.\r\n\r\nEn 1986, l’archipel fait appel à l’aide internationale après avoir été dévasté par un cyclone.\r\n\r\nEn juillet 2003, le gouverneur général des Salomon demande officiellement l\'aide internationale.\r\n\r\nUn important contingent international de sécurité, baptisé RAMSI, commandés par l’Australie et la Nouvelle-Zélande, composé de soldats et de policiers, et avec des représentants d’une vingtaine d’autres nations du Pacifique dont les Tonga, les îles Fidji et de la Papouasie-Nouvelle-Guinée), commence à se déployer en août 2003, sous le nom d\'opération « Helpem Fren ». Terme signifiant « aider un ami » en pidgin local). Cette force régionale d’assistance est aujourd’hui contestée. Michael Maina, le ministre salomonais de la Police, estime début 2005 que cette force doit être passée en revue en raison de « graves carences ». En revanche, Peter Noble, un Néo-Zélandais, adjoint au « coordinateur spécial » de la RAMSI, quitte ses fonctions en étant chaleureusement félicité par sir Allan Kemakeza. Le coordinateur actuel est un Australien, James Batley, un diplomate de carrière. La mort d’un jeune policier australien, abattu par balles début décembre 2004, a provoqué l’envoi d’une compagnie d’une centaine d’hommes.\r\n\r\nLe 2 avril 2007, l’archipel est frappé par deux violents séismes suivis d’un tsunami. Un nouveau séisme, de magnitude Mw 8, frappe le pays le 6 février 2013.\r\n\r\nPolitique\r\nArticles détaillés : Politique aux Îles Salomon, Constitution des Îles Salomon et Liste des dirigeants des provinces des Salomon.\r\nLes Salomon sont une démocratie parlementaire fondée sur le système de Westminster — c\'est-à-dire largement inspirée du modèle politique britannique. Les Salomon étant l\'un des seize royaumes du Commonwealth, le chef d\'État est un monarque, le roi ou la reine des Salomon. Cette monarchie est liée à la monarchie britannique, le monarque britannique — actuellement Élisabeth II — portant ainsi la Couronne salomonaise. Les fonctions du monarque, en son absence, sont délégués à un gouverneur général, nommé par la reine sur recommandation du Parlement. Les fonctions du monarque et du gouverneur général sont cérémonielles et symboliques.\r\n\r\nLe chef du gouvernement est un premier ministre, élu par le Parlement, et qui gouverne tant qu\'il dispose du soutien d\'une majorité des députés.\r\n\r\nLe Parlement des Salomon, monocaméral, est composé de cinquante députés élus dans autant de circonscriptions au suffrage universel, tous les quatre ans ou à la suite d\'une dissolution, et d\'un président d\'assemblée (Speaker) choisi en dehors du Parlement par les députés.\r\n\r\nEn raison de la multitude de partis politiques, auxquels les députés s\'attachent parfois de manière temporaire et qui ne sont pas fondés sur des différences de programme nettes et pérennes, les gouvernements sont composés de coalitions regroupant plusieurs partis ainsi que des députés sans étiquette. Ces coalitions sont souvent instables; il est fréquent que des membres du gouvernement rejoignent l\'opposition, ou vice-versa, provoquant une chute du gouvernement en cours de mandat.\r\n\r\nLe pays est par ailleurs divisé en neuf provinces, dirigées chacune par une assemblée provinciale élue. La capitale, Honiara, est gouvernée par un conseil municipal, indépendamment de toute province.\r\n\r\nSubdivisions\r\nArticle détaillé : Subdivisions des Îles Salomon.\r\nLes Salomon sont découpées en neuf provinces Centrale, Choiseul, Guadalcanal, Isabel, Makira-Ulawa, Malaita, Rennell et Bellona, Temotu et Occidentale auxquelles s\'ajoute le territoire abritant la capitale, Honiara.\r\n\r\nLa province de Temotu, située dans les îles Santa Cruz, est la seule à ne pas dépendre géographiquement de l\'archipel des îles Salomon2.\r\n\r\nCarte des Salomon.\r\nLes Salomon se situent à cheval sur deux archipels : celui des îles Salomon, partagé avec la Papouasie-Nouvelle-Guinée, situé au nord-ouest et celui des îles Santa Cruz situé au sud-est. Ce dernier archipel est occupé par une grande partie de la province de Temotu. Le reste du pays est situé dans l\'archipel des Salomon. L\'île Bougainville de la Papouasie-Nouvelle-Guinée appartient géographiquement à l\'archipel des Salomon. Le pays est situé en Océanie, dans l\'ensemble géographique appelé Mélanésie où il occupe plusieurs espaces maritimes. Les plus grandes îles, au nord-ouest, se trouvent en mer des Salomon ; à l\'est-sud-est les îles Santa Cruz et Duff baignent la mer de Corail, à l\'exception de Tikopia, Anuta et Fatutaka qui, plus éloignées vers l\'est, sont situées dans l\'océan Pacifique sud. Par ailleurs, ce dernier borde de tous côtés l\'atoll de Sikaiana, qui se retrouve isolé à 196 km à l\'est-nord-est de l\'île de Malaita. Les îles principales sont Choiseul, les îles de la Nouvelle-Géorgie, Santa Isabel, les îles Russell, les îles Florida, Malaita, Guadalcanal, Sikaiana, Maramasike, Sa’a, Uki Ni Masi (en), San Cristóbal, Santa Ana, Rennell, Bellona et les îles Santa Cruz.\r\n\r\nLa distance entre les îles les plus occidentales et les plus orientales est d’environ 1 500 kilomètres. Au sud-est, les îles Santa Cruz, qui se situent au nord du Vanuatu, sont particulièrement isolées, à plus de 200 kilomètres des autres îles. Des volcans avec des degrés variables d’activité sont situés sur certaines des plus grandes îles, alors que plusieurs des îles les plus petites sont simplement des atolls minuscules recouverts de sable et de cocotiers.\r\n\r\nAu nord-ouest de l’archipel, l’île Bougainville et d\'autres petites îles liées sont incluses géographiquement dans les Salomon (d\'où leur nom anglais de North Solomons), bien que politiquement elles soient rattachées à la Papouasie-Nouvelle-Guinée avec un statut d\'autonomie depuis 2004.\r\n', 'Hôtel.jpg', '2020-07-09 15:23:38', 2, 1);
INSERT INTO `post` (`Id`, `Title`, `Contents`, `Image`, `CreationTimestamp`, `Author_Id`, `Category_Id`) VALUES
(12, 'CHIEN DE GARDE', 'Le Dobermann ou Dobermann Pinscher est une race de chien (Canis lupus familiaris) créée vers 1870, tirant son nom du créateur de la race, Karl Friedrich Louis Dobermann (en)1. À l\'origine, il était principalement utilisé comme chien de garde et chien policier pour sa capacité offensive, son allure fière et décidée, ainsi que son fort caractère. Cela l\'a fait considérer comme un chien féroce doté d\'une agressivité incontrôlable. Actuellement il est devenu chien de compagnie pour sa loyauté envers son maître et sa famille qu\'il voudra protéger contre tout danger.\r\nSes origines précises ne sont pas claires, la théorie de Walther Busack est actuellement retenue par la Fédération cynologique internationale. La race aurait été créée vers 1870 par Karl Friedrich Louis Dobermann, percepteur d\'impôts qui était appelé à se déplacer avec de fortes sommes d\'argent et désirait avoir un chien de défense plus courageux et plus combatif que les autres chiens de l\'époque grâce notamment à sa rapidité et son exceptionnelle agilité. Alors chargé de la gestion de la fourrière d\'Apolda, il réalise des croisements pour obtenir les premiers spécimens.\r\n\r\nOn s\'accorde généralement sur le fait que le dobermann serait le résultat de croisements entre Pinscher allemand, Rottweiler, Berger de Thuringe (Berger Allemand), Dogue allemand, Lévrier, Braque allemand à poil court et Manchester terrier. De fait, les premiers spécimens, sélectionnés essentiellement pour la protection et présentés par Karl Friedrich Louis Dobermann, étaient de constitution massive, dotés d\'une tête épaisse et grossière. À la mort de Karl Friedrich Louis Dobermann en 1893, Otto Göller, éleveur très réputé, reprend son cheptel de « bouviers-pinschers » et tente le premier d\'affiner la race, suivi dans ce travail par Goswin Tischler et Gustav Krumbholz.\r\n\r\nEn 1899, Otto Göller fonde avec Oscar Vorwerk et Goswin Tischler le Nationaler Dobermann-pinscher Klub, premier club spécialisé qui se consacre à améliorer la race. La même année, Graf Belling von Grönland2 est le tout premier dobermann inscrit au livre d\'élevage allemand. Cela donne le premier standard du dobermann, reconnu par le Cercle allemand du chenil en 1900.\r\nLe Dobermann a des poils courts, rudes, serrés, lisses et bien couchés, mais ne possède pas de sous-poils. Il peut être noir ou marron marqué d\'une teinte feu sur le bas des membres, sur le poitrail et à l\'intérieur des oreilles. Il a un corps fort et élégant pouvant s\'inscrire dans un carré. L\'encolure est puissante et galbée. Sa posture est gracieuse. Les oreilles sont tombantes et ses yeux sont en amande. Son crâne est fort et sa mâchoire est large. La queue et les oreilles sont coupées dans de nombreux pays mais c\'est interdit dans les pays membres du Conseil de l\'Europe par la Convention européenne pour la protection des animaux de compagnie.\r\n\r\nC’est un chien qui ne supporte pas le froid car il ne possède pas de sous-poils.\r\n\r\nLe dimorphisme sexuel est important, la femelle pesant entre 32 et 35 kg, le mâle pouvant peser jusqu’à 40 kg.\r\n\r\n\r\nDobermann bleu et feu\r\nIl existe 4 couleurs reconnues chez le Dobermann7 : le noir et feu, le brun et feu (les seules couleurs reconnues en France par la SCC8), le bleu et feu (dilution du noir) et l\'isabelle et feu (dilution du brun, appelé aussi faon). Les couleurs non reconnues en France le sont dans d\'autres pays.\r\n\r\nCaractère\r\n\r\nChiot dobermann\r\nLe dobermann est un chien sensible, fier, intelligent, bon gardien, fidèle, courageux et vigoureux9,10. Plusieurs facteurs tels que la socialisation et l\'éducation données au chiot par l\'éleveur et son maître influent sur le comportement du chien adulte. Dans tous les cas, le dobermann, rapide et vif, nécessite un maître responsable pouvant anticiper les réactions de son chien et sachant s\'en faire respecter avec fermeté.\r\n\r\nIl possède la réputation d\'être le « Pur-Sang » des chiens. Le club de race évoque « l\'élite des chiens pour l\'élite des maîtres », en raison du caractère fort dobermanns.\r\n\r\nC\'est un chien ayant besoin de vivre près de son maître à l\'abri des températures extrêmes. Le dobermann est en effet particulièrement attaché à son milieu et à sa famille. D\'instinct, il protège sa propriété et les siens. C\'est un compagnon fidèle et dévoué à tous s\'il se sent apprécié et en confiance. À l\'aise dans sa famille, ses rapports avec les enfants sont excellents.\r\n\r\nAthlète très endurant, les randonnées sportives, les promenades à bicyclette, le footing ne lui font pas peur.\r\n\r\nMonument dédié aux dobermanns tués durant la bataille du pacifique. Base navale de l\'île de Guam\r\n\r\nDobermanns utilisés comme chiens de guerre dans l\'armée des États-Unis; Iwo Jima 1945\r\nLe dobermann est un chien de travail utilisé depuis sa création en qualité de chien de protection. Employés durant la première guerre mondiale par les forces allemandes, étant une des seules races à ne pas craindre le feu des lance-flammes, les dobermanns payèrent un fort tribut, la plupart ayant été tués. En 1935, le dobermann devient le chien officiel de combat du corps des marines américains et surnommé devildog. Le Dobermann fut utilisé pendant les deux guerres mondiales et durant la guerre du Vietnam par l\'USMC. Ils le furent aussi durant la 2GM par les troupes SS. On apprenait aux chiens à ramper, à supporter les détonations et à ne pas aboyer. Certains chiens restaient muets même une fois blessés. Au Vietnam ils étaient aussi utilisés comme chiens de sang ou de trace. En 1994 un mémorial en l\'honneur des dobermanns tués dans le Pacifique a été érigé sur la base navale américaine de l\'île de Guam.\r\n\r\nOn le retrouve également sur les terrains de travail, sur les parcours de pistage, pratiquant l\'agilité et l\'obéissance, mais aussi dans des activités de chien de recherche dans les décombres ou de chien truffier. Très attaché à ses maîtres, il excelle dans le rôle de chien de garde.', 'Doberman.jpg', '2020-07-09 15:27:23', 2, 3);

--
-- Contraintes pour les tables déchargées
--

--
-- Contraintes pour la table `comment`
--
ALTER TABLE `comment`
  ADD CONSTRAINT `Comment_ibfk_1` FOREIGN KEY (`Post_Id`) REFERENCES `post` (`Id`) ON DELETE CASCADE ON UPDATE CASCADE;

--
-- Contraintes pour la table `post`
--
ALTER TABLE `post`
  ADD CONSTRAINT `Post_ibfk_1` FOREIGN KEY (`Author_Id`) REFERENCES `author` (`Id`) ON DELETE SET NULL ON UPDATE CASCADE,
  ADD CONSTRAINT `Post_ibfk_2` FOREIGN KEY (`Category_Id`) REFERENCES `category` (`Id`) ON DELETE SET NULL ON UPDATE CASCADE;
COMMIT;

/*!40101 SET CHARACTER_SET_CLIENT=@OLD_CHARACTER_SET_CLIENT */;
/*!40101 SET CHARACTER_SET_RESULTS=@OLD_CHARACTER_SET_RESULTS */;
/*!40101 SET COLLATION_CONNECTION=@OLD_COLLATION_CONNECTION */;
